-- phpMyAdmin SQL Dump
-- version 4.8.4
-- https://www.phpmyadmin.net/
--
-- Host: 127.0.0.1
-- Generation Time: Dec 29, 2018 at 05:05 PM
-- Server version: 10.1.37-MariaDB
-- PHP Version: 7.3.0

SET SQL_MODE = "NO_AUTO_VALUE_ON_ZERO";
SET AUTOCOMMIT = 0;
START TRANSACTION;
SET time_zone = "+00:00";


/*!40101 SET @OLD_CHARACTER_SET_CLIENT=@@CHARACTER_SET_CLIENT */;
/*!40101 SET @OLD_CHARACTER_SET_RESULTS=@@CHARACTER_SET_RESULTS */;
/*!40101 SET @OLD_COLLATION_CONNECTION=@@COLLATION_CONNECTION */;
/*!40101 SET NAMES utf8mb4 */;

--
-- Database: `bd_tour_info`
--

-- --------------------------------------------------------

--
-- Table structure for table `tbl_admin`
--

CREATE TABLE `tbl_admin` (
  `id` int(11) NOT NULL,
  `email` varchar(100) NOT NULL,
  `password` varchar(100) NOT NULL,
  `type` varchar(100) NOT NULL
) ENGINE=InnoDB DEFAULT CHARSET=utf8;

--
-- Dumping data for table `tbl_admin`
--

INSERT INTO `tbl_admin` (`id`, `email`, `password`, `type`) VALUES
(1, 'tonmoy.asif@gmail.com', 'Ab*1', 'admin'),
(2, 'karnoaiub@gmail.com', 'Ab*1', 'admin');

-- --------------------------------------------------------

--
-- Table structure for table `tbl_district`
--

CREATE TABLE `tbl_district` (
  `district_id` int(11) NOT NULL,
  `division_id` int(11) NOT NULL,
  `district_name` varchar(100) NOT NULL
) ENGINE=InnoDB DEFAULT CHARSET=utf8;

--
-- Dumping data for table `tbl_district`
--

INSERT INTO `tbl_district` (`district_id`, `division_id`, `district_name`) VALUES
(1, 1, 'Dhaka'),
(2, 1, 'Gazipur'),
(3, 1, 'Kishoreganj'),
(4, 1, 'Manikganj'),
(5, 1, 'Munshiganj'),
(6, 1, 'Narayanganj'),
(7, 1, 'Narsingdi'),
(8, 1, 'Tangail'),
(9, 1, 'Faridpur'),
(10, 1, 'Gopalganj'),
(11, 1, 'Madaripur'),
(12, 1, 'Rajbari'),
(13, 1, 'Shariatpur'),
(14, 2, 'Chittagong'),
(15, 2, 'Chandpur'),
(16, 2, 'Comilla'),
(17, 2, 'Noakhali'),
(18, 2, 'Feni'),
(19, 2, 'Brahmanbaria'),
(20, 2, 'Lakshmipur'),
(21, 2, 'Rangamati'),
(22, 2, 'Bandarban'),
(23, 2, 'Khagrachhari'),
(24, 2, 'Cox\'s Bazar'),
(25, 3, 'Sylhet'),
(26, 3, 'Moulvibazar'),
(27, 3, 'Habiganj'),
(28, 3, 'Sunamganj'),
(29, 4, 'Rangpur'),
(30, 4, 'Panchagarh'),
(31, 4, 'Dinajpur'),
(32, 4, 'Lalmonirhat'),
(33, 4, 'Nilphamari'),
(34, 4, 'Gaibandha'),
(35, 4, 'Thakurgaon'),
(36, 4, 'Kurigram'),
(37, 5, 'Rajshahi'),
(38, 5, 'Sirajganj'),
(39, 5, 'Pabna'),
(40, 5, 'Bogra'),
(41, 5, 'Natore'),
(42, 5, 'Joypurhat'),
(43, 5, 'Chapai Nawabganj'),
(44, 5, 'Naogaon'),
(45, 6, 'Barishal'),
(46, 6, 'Jhalokati'),
(47, 6, 'Patuakhali'),
(48, 6, 'Pirojpur'),
(49, 6, 'Bhola'),
(50, 6, 'Barguna'),
(51, 7, 'Khulna'),
(52, 7, 'Jessore'),
(53, 7, 'Bagerhat'),
(54, 7, 'Chuadanga'),
(55, 7, 'Jhenaidah'),
(56, 7, 'Kushtia'),
(57, 7, 'Magura'),
(58, 7, 'Meherpur'),
(59, 7, 'Narail'),
(60, 7, 'Satkhira'),
(61, 8, 'Mymensingh'),
(62, 8, 'Jamalpur'),
(63, 8, 'Netrokona'),
(64, 8, 'Sherpur');

-- --------------------------------------------------------

--
-- Table structure for table `tbl_division`
--

CREATE TABLE `tbl_division` (
  `division_id` int(11) NOT NULL,
  `division_name` varchar(100) NOT NULL
) ENGINE=InnoDB DEFAULT CHARSET=utf8;

--
-- Dumping data for table `tbl_division`
--

INSERT INTO `tbl_division` (`division_id`, `division_name`) VALUES
(1, 'Dhaka'),
(2, 'Chittagong'),
(3, 'Sylhet'),
(4, 'Rangpur'),
(5, 'Rajshahi'),
(6, 'Barishal'),
(7, 'Khulna'),
(8, 'Mymensingh');

-- --------------------------------------------------------

--
-- Table structure for table `tbl_division_district`
--

CREATE TABLE `tbl_division_district` (
  `id` int(11) NOT NULL,
  `division` varchar(100) NOT NULL,
  `district` varchar(100) NOT NULL
) ENGINE=InnoDB DEFAULT CHARSET=utf8;

--
-- Dumping data for table `tbl_division_district`
--

INSERT INTO `tbl_division_district` (`id`, `division`, `district`) VALUES
(1, 'Khulna', 'Khulna'),
(2, 'Khulna', 'Jessore'),
(3, 'Khulna', 'Bagerhat'),
(4, 'Khulna', 'Chuadanga'),
(5, 'Khulna', 'Jhenaidah'),
(6, 'Khulna', 'Kushtia'),
(7, 'Khulna', 'Magura'),
(8, 'Khulna', 'Meherpur'),
(9, 'Khulna', 'Narail'),
(10, 'Khulna', 'Satkhira'),
(11, 'Chittagong', 'Chittagong'),
(12, 'Chittagong', 'Chandpur'),
(13, 'Chittagong', 'Comilla'),
(14, 'Chittagong', 'Noakhali'),
(15, 'Chittagong', 'Feni'),
(16, 'Chittagong', 'Brahmanbaria'),
(17, 'Chittagong', 'Lakshmipur'),
(18, 'Chittagong', 'Rangamati'),
(19, 'Chittagong', 'Bandarban'),
(20, 'Chittagong', 'Khagrachhari'),
(21, 'Chittagong', 'Cox\'s Bazar'),
(22, 'Dhaka', 'Gazipur'),
(23, 'Dhaka', 'Dhaka'),
(24, 'Dhaka', 'Kishoreganj'),
(25, 'Dhaka', 'Manikganj'),
(26, 'Dhaka', 'Munshiganj'),
(27, 'Dhaka', 'Narayanganj'),
(28, 'Dhaka', 'Narsingdi'),
(29, 'Dhaka', 'Tangail'),
(30, 'Dhaka', 'Faridpur'),
(31, 'Dhaka', 'Gopalganj'),
(32, 'Dhaka', 'Madaripur'),
(33, 'Dhaka', 'Rajbari'),
(34, 'Dhaka', 'Shariatpur'),
(35, 'Barishal', 'Barishal'),
(36, 'Barishal', 'Jhalokati'),
(37, 'Barishal', 'Patuakhali'),
(38, 'Barishal', 'Pirojpur'),
(39, 'Barishal', 'Bhola'),
(40, 'Barishal', 'Barguna'),
(41, 'Mymensingh', 'Mymensingh'),
(42, 'Mymensingh', 'Jamalpur'),
(43, 'Mymensingh', 'Netrokona'),
(44, 'Mymensingh', 'Sherpur'),
(45, 'Rangpur', 'Rangpur'),
(46, 'Rangpur', 'Panchagarh'),
(47, 'Rangpur', 'Dinajpur'),
(48, 'Rangpur', 'Lalmonirhat'),
(49, 'Rangpur', 'Nilphamari'),
(50, 'Rangpur', 'Gaibandha'),
(51, 'Rangpur', 'Thakurgaon'),
(52, 'Rangpur', 'Kurigram'),
(53, 'Rajshahi', 'Rajshahi'),
(54, 'Rajshahi', 'Sirajganj'),
(55, 'Rajshahi', 'Pabna'),
(56, 'Rajshahi', 'Bogra'),
(57, 'Rajshahi', 'Natore'),
(58, 'Rajshahi', 'Joypurhat'),
(59, 'Rajshahi', 'Chapai Nawabganj'),
(60, 'Rajshahi', 'Naogaon'),
(61, 'Sylhet', 'Sylhet'),
(62, 'Sylhet', 'Moulvibazar'),
(63, 'Sylhet', 'Habiganj'),
(64, 'Sylhet', 'Sunamganj');

-- --------------------------------------------------------

--
-- Table structure for table `tbl_image`
--

CREATE TABLE `tbl_image` (
  `id` int(100) NOT NULL,
  `image` varchar(500) NOT NULL
) ENGINE=InnoDB DEFAULT CHARSET=utf8;

--
-- Dumping data for table `tbl_image`
--

INSERT INTO `tbl_image` (`id`, `image`) VALUES
(30, 'assets/post_images/2018277874308214231327_1114224702001436_6339770748405367269_o.jpg'),
(30, 'assets/post_images/2018277874308222179801_10212604199013483_5068792912859701172_o.jpg'),
(30, 'assets/post_images/2018277874308223550108_1863405700360623_302363575765253092_o.jpg'),
(30, 'assets/post_images/2018277874308243007674_2156104961126558_848694157688963072_o.jpg'),
(31, 'assets/post_images/2018267331847723467006_945042175653579_8453586697777275313_o.jpg'),
(31, 'assets/post_images/2018267331847740133553_1681617281948707_7735285921716633600_o.jpg'),
(31, 'assets/post_images/2018267331847740138437_1681001002010335_4150713848631918592_o.jpg'),
(31, 'assets/post_images/2018267331847740139349_1681000942010341_160891347513901056_o.jpg'),
(31, 'assets/post_images/2018267331847742873569_1034603270034263_5551890596160864256_o.jpg'),
(32, 'assets/post_images/2018146935473314691200_1380707345315176_3585573794973496856_o.jpg'),
(32, 'assets/post_images/2018146935473340525839_10217364116714236_6241150100328939520_o.jpg'),
(32, 'assets/post_images/2018146935473340665914_10217364107314001_5486577479462158336_o.jpg'),
(33, 'assets/post_images/2018246533356310433865_902037169860118_2326095516304112588_n.jpg'),
(33, 'assets/post_images/2018246533356310856644_899508050090226_6383765509438939425_o.jpg'),
(33, 'assets/post_images/2018246533356311053342_10207860910911395_8808611881540117722_n.jpg'),
(33, 'assets/post_images/2018246533356311713842_10207093004154316_976367814916670339_o.jpg'),
(33, 'assets/post_images/2018246533356313268208_1079809978780075_8219625296313728714_o.jpg'),
(33, 'assets/post_images/2018246533356321764814_848520621997058_6078807770570282207_n.jpg'),
(34, 'assets/post_images/20182269070296Modhupur-National-Park1.jpg'),
(35, 'assets/post_images/2018191108262513391464_876206145835559_1056644746323106210_o.jpg'),
(35, 'assets/post_images/2018191108262517545554_1453949661316176_1877937793474257109_o.jpg'),
(35, 'assets/post_images/2018191108262518700603_1365722820188528_9105169111094815972_o.jpg'),
(36, 'assets/post_images/20181644336699bsp1.jpg'),
(36, 'assets/post_images/20181644336699bsp2.jpg'),
(36, 'assets/post_images/20181644336699bsp3.jpg');

-- --------------------------------------------------------

--
-- Table structure for table `tbl_posts`
--

CREATE TABLE `tbl_posts` (
  `id` int(100) NOT NULL,
  `name_bangla` varchar(200) NOT NULL,
  `name_english` varchar(200) NOT NULL,
  `description` varchar(5000) NOT NULL,
  `district` varchar(100) NOT NULL,
  `division` varchar(100) NOT NULL,
  `direction` varchar(3000) NOT NULL,
  `latitude` varchar(100) NOT NULL,
  `langitude` varchar(100) NOT NULL,
  `date` timestamp NOT NULL DEFAULT CURRENT_TIMESTAMP,
  `source` varchar(500) NOT NULL,
  `temp_id` varchar(100) NOT NULL,
  `category` varchar(200) NOT NULL,
  `tag` varchar(500) NOT NULL,
  `main_image` varchar(400) NOT NULL
) ENGINE=InnoDB DEFAULT CHARSET=utf8;

--
-- Dumping data for table `tbl_posts`
--

INSERT INTO `tbl_posts` (`id`, `name_bangla`, `name_english`, `description`, `district`, `division`, `direction`, `latitude`, `langitude`, `date`, `source`, `temp_id`, `category`, `tag`, `main_image`) VALUES
(30, 'সাজেক ভ্যালী', 'Sajek Valley', 'সাজেক রাংগামাটি জেলার বাঘাইছড়ি উপজেলার একটি ইউনিয়ন। বাংলাদেশের সবচেয়ে বড় ইউনিয়ন সাজেক আয়তনে বিশাল, বাংলাদেশের অনেক উপজেলার চেয়েও আয়তনে বড়। এটির অবস্থান খাগড়াছড়ি জেলা থেকে উত্তর-পুর্ব দিকে। মুল সাজেক বলতে যে স্থানকে বুঝায় সেটি হলো ‘রুইলুই’ এবং ‘কংলাক’ নামের দুটি বসতি, স্থানীয় ভাষায় ’পাড়া’। সমুদ্রপৃষ্ঠ থেকে এর উচ্চতা ১৮০০ ফুট।সাজেকে মূলত লুসাই,পাংখোয়া এবং ত্রিপুরা আদিবাসী বসবাস করে।সাজেক থেকে ভারতের মিজোরাম সীমান্তের দুরত্ব ১০ কি.মি.।কমলা চাষের জন্য বিখ্যাত সাজেক।\r\nসাজেক এমন একটি জায়গা যেখানে ভাগ্য ভাল হলে ২৪ ঘণ্টায় আপনি প্রকৃতির তিনটা রূপই দেখতে পারবেন । কখনো খুবই গরম একটু পরেই হটাৎ বৃষ্টি এবং তার কিছু পরেই হয়তো চারদিকে ঢেকে যাবে কুয়াশার চাদরে । রাতে এই দুর্গম পাহাড়ের চুড়ায় যখন সোলারের কল্যাণে বাতি জ্বলে উঠে তখন সৃষ্টি হয় অসাধারণ এক পরিস্থিতি । অনেক বাচ্চারা রোড লাইটের নিচে বই নিয়ে বসে পড়ে অথবা ঐ টুকু আলোর ভিতরেই খেলায় মেতে উঠে । সাজেকে ৩টা হ্যালি প্যাড আছে ৩টার সৌন্দর্য তিন রকম । এছাড়া রুইলুই পারা হতে হেটে আপনি কমলং পারা পর্যন্ত যেতে পারেন এই পারাটিও অনেক সুন্দর এবং অনেক উচুতে অবস্থিত । কমলার সিজনে কমলা খেতে ভুলবেন না । সাজেকের কমলা বাংলাদেশের সেরা কমলা । বাংলাদেশ আর্মিদের দারা রুইলুই পারার অধিবাসীদের জন্য একটা ছোট তাত শিল্প গরে তোলা হয়েছে । সুন্দর সুন্দর গামছা ,লুঙ্গী পাওয়া এখানে ।', 'Rangamati', 'Chittagong', 'ঢাকা থেকে এস.আলম,ইকোনো,শান্তি, সৌদিয়া, ঈগল আর শ্যামলীর নন এসি আর সেন্টমার্টিন এর এসি বাস খাগড়াছড়ি যায়। ছাড়ে গাবতলী থেকে রাত ৯ টা আর সায়েদাবাদ থেকে ১১টার দিকে। খাগড়াছড়ি পৌছায় ৭টা-৮টার দিকে। ভাড়া নন এসি৫২০ ও এসি ৭০০ টাকা।খাগড়াছড়ি থেকে ঢাকার ফিরতি বাস ছাড়ে সকাল ১১টা, বিকাল ৩ টা ও রাত ৯ টায়। শান্তি খাগড়াছড়ি হয়ে দীঘিনালা পৌছায় সকাল ৮টা ৩০ এর মধ্যে। শান্তির দিনে ও রাতে একাধিক বাস আছে।ভাড়া নন এসি৫৮০ ও এসি ৬৫০ টাকা।ফিরতি গাড়ী সন্ধ্যা ৭ টা ১০ এ। শ্যামলীর রংপুর থেকে, শান্তি নন এসি আর বিআরটিসি এসি চট্টগ্রাম থেকেও ছাড়ে।চট্টগ্রামের ফিরতি গাড়ী আছে সকাল পৌনে ৮টা থেকে রাত ৮টা পর্যন্ত।\r\nসাজেক রাঙ্গামাটিতে পরলেও খাগড়াছড়ি হয়ে যাতায়াত সুবিধা । শুধু সাজেকের জন্য (যারা আলুটিলা অথবা রিসাং যাবেন না) অবশ্য দীঘিনালা হয়ে যাতায়াত ভালো।\r\nযারা খাগড়াছড়ি হয়ে আসবেনঃ ঢাকা-টু খাগড়াছড়ি আসবার জন্য এস.আলম, সৌদিয়া, ঈগল, শান্তি আর শ্যামলীর নন এসি আর সেন্টমার্টিন, বিআরটিসি এর এসি পরিবহনের বাস রয়েছে । খাগড়াছড়ি থেকে দিঘিনালা পর্যন্ত বাস/চান্দের গারি/ সিএনজি রয়েছে । বাসে অ চান্দের গারিতে ভারা ৪৫/- জনপ্রতি । দিঘিনালা থেকে জন ভেদে চান্দের গাড়ি অথবা মটর বাইক নিতে পারেন । একদিনের জন্য চান্দের গাড়ি ভাড়া পরবে ৩০০০/- টাকা ২দিনের জন্য ৫০০০/- ( কথা বলে নিতে হবে ) ১২/১৩ জন যেতে পারবেন । এছারা মটর বাইক রয়েছে আপডাউন ৭০০ থেকে ১০০০ টাকার মধ্যে পেয়ে যাবেন।\r\nযারা রাঙ্গামাটি হয়ে আসবেনঃ রাঙ্গামাটি থেকে নৌপথে লঞ্চযোগে অথবা সড়কপথে বাঘাইছড়ি যাওয়া যায়। রিজার্ভ বাজার লঞ্চঘাট থেকে প্রতিদিন সকাল ৭.৩০ থেকে ১০.৩০ ঘটিকার মধ্যে লঞ্চ ছাড়ে। ভাড়া জনপ্রতি ১৫০-২৫০ টাকা। সময় লাগে ৫-৬ ঘন্টা। বাস টার্মিনাল থেকে সকাল ৭.৩০ থেকে ৮.৩০ ঘটিকার মধ্যে বাস ছাড়ে, ভাড়া জনপ্রতি ২০০ টাকা। সময় লাগে ৬-৭ ঘন্টা। এছাড়াও চট্টগ্রাম থেকে সরাসরি বাঘাইছড়ি যাওয়া সম্ভব। ঢাকা থেকেও সরাসরি বাঘাইছড়ি যাওয়া যায়। বাঘাইছড়ি থেকে জীপ (চাদেঁর গাড়ি) অথবা মোটর সাইকেলে সাজেক ভ্যালীতে পৌঁছানো যায়। ভাড়া জনপ্রতি ৩০০/-টাকা।', '23.406378', '92.279364', '2018-12-16 21:12:09', 'http://tob.camp/wiki/সাজেক_ভ্যালী', '20182061109093', 'Natural', 'সাজেক ভ্যালী, সাজেক, সাজেক রাঙামাটি, মেঘের দেশ সাজেক, মেঘের রাজ্য সাজেক,সাজেক খাগড়াছড়ি, sajek, sajek valley, sajek rangamati, sajek khagrachari', 'assets/post_images/2018277874308214231327_1114224702001436_6339770748405367269_o.jpg'),
(31, 'কেওক্রাডং', 'Keokradong', 'কেওক্রাডং বান্দরবান জেলার রুমা উপজেলায় অবস্থিত। যা বাংলাদেশের পঞ্চম উচ্চতম পর্বত। এর উচ্চতা ৯৮৬ মিটার (৩২৩৫ফুট প্রায়, জি পি এস রিডিং হতে প্রাপ্ত)। কেওক্রাডং শব্দটি মারমা ভাষা থেকে এসেছে। মারমা ভাষায় কেও মানে \'পাথর\' ক্রা মানে \'পাহাড়\' আর এবং ডং মানে \'সবচেয়ে উঁচু\'। অর্থাৎ কেওক্রাডং মানে সবচেয়ে উঁচু পাথরের পাহাড়।\r\nযাবার পথে দেখবেন সাংগু নদী, বগালেক, ব্লু-বার্ড ঝর্ণা, চিংড়ি ঝর্ণা, পাহাড়িদের সাজানো গুছানো পাড়া, কেওক্রাডং।', 'Bandarban', 'Chittagong', 'কেওক্রাডং যেতে হলে আপনাকে প্রথমে যেতে হবে বান্দরবান। ঢাকা থেকে বা চট্টগ্রাম থেকে বাসে বান্দরবান যাওয়া যায়। বান্দরবান শহর থেকে চান্দের গাড়ি(ফোর হুইল ড্রাইভ), বাস, সি এন জি করে রুমা যাওয়া যায়। চান্দের গাড়ি/জীপ রিসার্ভ করলে প্রায় ৩০০০/৪০০০ টাকার মত ভাড়া পড়বে যা মৌসূম ও পর্যটকদের সমাগম ভেদে ভিন্ন হয়ে থেকে[২০১৫ সালের তথ্য]। আর সার্ভিস এর বাসে করেও রুমা যেতে পারেন সে ক্ষেত্রে ভাড়া পড়বে জনপ্রতি ১০০ টাকা[২০১৫ সালের তথ্য]। বাসের সিট তেমন ভালো মানের নয়। বান্দরবান শহর থেকে রুমা যেতে সময় লাগবে কমবেশি ২ ঘণ্টার মত। রুমা নেমে সার্ভিস এর চান্দের গাড়ি করে যেতে হবে রুমা বাজার, ভাড়া ৩০ টাকা জনপ্রতি[২০১৫ সালের তথ্য]। নিয়ন অনুযায়ী রুমা বাজার থেকে পাহাড়ে কোথাও বেড়াতে যেতে হলে আপনাকে গাইড নিতে হবে, দিনপ্রতি গাইড সার্ভিস চার্জ ৫০০ টাকা [২০১৫ সালের তথ্য]। বাজারে গাইড সমিতি আছে তাদের কাছে গেলেই গাইড পাবেন । গাইডকে সাথে নিয়ে আর্মি ক্যাম্পে গিয়ে নিয়ম অনুযায়ী নাম,ঠিকানা,ফোন নম্বর ইত্যাদি তথ্য নিবন্ধন করতে হবে। বড় দল গেলে আগে থেকে একটি কাগজে সবার নাম, ঠিকানা, পেশা, ফোন নম্বর ও বাসায় যোগাযোগের নম্বর সহ একটি তালিকা আগে থেকে প্রস্তুত করে নিয়ে যেতে পারেন । যেহেতু পাহাড়ি পথে হাঁটতে(ট্রে্কিং)হবে তাই, বিশেষত বৃষ্টির দিনে আপনাকে অবশ্যই ট্রেকিং এর উপযুক্ত জুতা বা স্যান্ডাল সাথে রাখতে হবে। তেমন জুতা সাথে না থাকলে রুমা বাজার থেকে ট্রেকিং এর উপযুক্ত রাবার এর স্যান্ডেল কিনে নিতে পারেন। দোকানে গিয়ে পাহাড়ে ওঠার জন্য ভালো স্যান্ডেল বললেই তারা বের করে দেবে আপনাকে।\r\nরুমা বাজার থেকে কেওক্রাডং যাবার পথ হলো রুমাবাজার>বগা লেক>কেওক্রাডং। সাধারনত ২ ভাবে রুমা বাজার থেকে বগা লেক যায় লোকে। ১)চান্দের গাড়ী করে ২)ঝিরি পথে হেঁটে ।\r\nরুমা বাজার থেকে সার্ভিস এর কিংবা রিজার্ভ চান্দের গাড়ী করে যেতে হবে বগা লেক বা বগা লেক এর কাছাকাছি যতদুর গাড়ী যায়। শীতকালে চান্দের গাড়ী বগালেক পর্যন্তই যায়, বর্ষায় চান্দের গাড়ীর শেষ গন্তব্য থাকে কমলা বাজার পর্যন্ত। বাকি পথটুকু পায়ে হেঁটে যেতে হয়, পিচ্ছিল পাহাড়ি খাড়া পথে ঐ সময়ে গাড়ী চালিয়ে উঠা সম্ভব হয় না বলে। চান্দের গাড়ী রিসার্ভ করলে ভাড়া নিতে পারে ২২০০-২৫০০ টাকা আর সার্ভিসের গাড়ীতে ১৫০-২০০ টাকা জনপ্রতি [২০১৫ সালের তথ্য]। প্রায় ঘণ্টা দেড় গাড়ী যাত্রার পর কমলা বাজার এসে পোঁছাবেন। এর পর আপনাকে পায়ে হেঁটে (ট্রেক করে) বগালেক উঠতে হবে। এই ঊঠাটা প্রথম যারা পাহাড়ে উঠছেন তাদের জন্য একটু কষ্টের হ্যে থাকে , কিন্তু তা কেওক্রাডং এর পথে ট্রেক করার প্রাক প্রস্তুতী ও হয়ে যায় বটে। আধাঘন্টা(ধীরে হাঁটলে ১ ঘন্টা) ট্রেক করে পৌছে যাবেন পাহাড়ের উপরের অনিন্দ্য সুন্দর বগালেক এ । সাধারনত এ যাত্রায় পর্যটকগন বগালেকে রাত্রীযাপন করে থাকেন। গাইড ই আপনার জন্য কটেজ ঠিক করে দিবে। ভাড়া জনপ্রতি ১২০-১৫০ টাকা। বিভিন্ন কটেজ আছে এখানে একতলা দু তলা। তবে সিয়াম দিদির কটেজের ভালো নাম ডাক আছে। পরদিন সকালে খুব ভোরে শুরু হবে আপনার ফাইনাল মিশন। খুব ভোরে ঘুম থেকে উঠে গাইড সহ রওয়ানা দিবেন কেওক্রাডং এর উদ্দেশ্যে। খুব হেলেদুলে হেটে গেলেও সময় লাগবে তিন থেকে সারে তিন ঘণ্টার মত। এই পথ চলার ক্ষেত্রে খুব সাবধানতা অবলম্বন করবেন।', '21.950220', '92.514555', '2018-12-16 21:12:48', 'http://tob.camp/wiki/কেওক্রাডং', '20181806559902', 'Natural', 'কেওক্রাডং, কেওক্রাডং পাহাড়, কেওক্রাডং বান্দরবান, keokradong, keokradong hill, keokradong bandarban', 'assets/post_images/2018267331847723467006_945042175653579_8453586697777275313_o.jpg'),
(32, 'টাঙ্গুয়ার হাওর', 'Tanguar Haor', 'উপায় ১ = সুনামগঞ্জ শহরের বাসস্ট্যান্ড থেকে অটোতে নতুন ব্রিজ , ভাড়া ৫ টাকা টাকা । নতুন ব্রিজ থেকে লেগুনায় তাহিরপুর , ভাড়া ৭০-৮০ টাকা , মোটরসাইকেল ২৫০-৩০০ টাকা , সময় লাগে প্রায় ঘণ্টা । ৮-১০ জনের গ্রুপ হলে বাসস্ট্যান্ডের কাছের লেগুনা স্ট্যান্ড থেকে লেগুনা রিজার্ভ নেয়া যাবে । তাহিরপুর বাজার ঘাট থেকে ট্রলার ভাড়া করে বাঙ্গালভিটার গারো গ্রাম , হিজল-করচের জলাবন , ওয়াচ টাওয়ার ঘুরা যাবে ।\r\nউপায় ২ = সুনামগঞ্জ শহরের বাসস্ট্যান্ড থেকে অটোতে সাহেববাড়ি ঘাট । ঘাট থেকে ট্রলার ভাড়া করে হাওর ।\r\nরাতে তাহিরপুর উপজেলার উত্তর শ্রীপুর ইউনিয়নের বাগলী (বীরেন্দ্রনগর) তে বা টেকেরঘাটে নৌকা নিয়ে থাকা যায় । টেকেরঘাটে থাকলে বড় সুবিধা হল এখানে খাবার হোটেল আছে আর এখান থেকে কোয়ারি লেক ও লাকমাছড়া একেবারে কাছে । টেকেরঘাট বাজারে খেতে হলে মাঝির মাধ্যমে অথবা নিজে গিয়ে হোটেলে অর্ডার দিয়ে আসতে হবে । তবে ঈদ বা অন্যান্য ছুটির দিনে টেকেরঘাটে না থাকাই ভাল , কারণ টেকেরঘাটে ভিড় বেশি হয় আর স্পিকার এর উৎপাতে রাতে ঘুমাতে সমস্যা হবে ।\r\nনৌকা ভাড়া ➪ সারাদিনের জন্য ট্রলার (১০-১৫ জনের) ভাড়া কমবেশি ২০০০ টাকা , ৩-৪ ঘণ্টার জন্য নিলে ১০০০-১২০০ টাকা , রাতে থাকলে ৩০০০-৩৫০০ টাকা । ঈদ বা অন্যান্য ছুটির দিনে ভাড়া ৫০০-১০০০ টাকা বেশি পড়বে ।', 'Sunamganj', 'Sylhet', 'বাসে - ফকিরাপুল ও সায়েদাবাদ থেকে হানিফ , শ্যামলী , মামুন বাসে সুনামগঞ্জ আসা যায় , ভাড়া ৫০০-৫৫০ টাকা ।\r\nট্রেনে - ট্রেনে সিলেট আসতে হবে , তারপর আম্বরখানা পয়েন্ট থেকে সিএনজি তে কুমারগাঁও বাসস্ট্যান্ড , ভাড়া ১৫ টাকা । বাসস্ট্যান্ড থেকে বাসে সুনামগঞ্জ , ভাড়া ৯০ টাকা , সময় লাগে প্রায় ১.৫ ঘন্টা ।\r\nলঞ্চে - চামড়া বন্দর/ভৈরব থেকে লঞ্চে সুনামগঞ্জ , সকালে ও রাত ১১ টায় লঞ্চ ছাড়ে । এছাড়া হবিগঞ্জের আজমিরিগঞ্জ বান্ধের ঘাট থেকে দুপুর একটায় সুনামগঞ্জ এর দিরাই এর ট্রলার ছাড়ে , ভাড়া ১০০ টাকা , সময় লাগে ৫ ঘণ্টা । দিরাই থেকে লেগুনায় সুনামগঞ্জ সদর আসা যায় ।', '25.127015', '91.097553', '2018-12-16 21:12:20', 'http://tob.camp/wiki/সুনামগঞ্জ', '20181292339206', 'Natural', 'Sunamganj,Sunamganj haor,Tanguar haor,sylhet beauty, সুনামগঞ্জ,টাঙ্গুয়ার হাওর,সুনামগঞ্জ হাওর,সুনামগঞ্জ নদী', 'assets/post_images/2018146935473314691200_1380707345315176_3585573794973496856_o.jpg'),
(33, 'বিছনাকান্দি', 'Bichnakandi', 'ঘননীল আকাশ। সামনে সারি সারি পাহাড়। পাহাড়ের চূড়ায় মেঘের কুন্ডলী। নৈকট্যে গেলে ছেঁড়া ছেঁড়া মেঘ। মেঘের বুক চিরে নেমে আসা ঝর্ণা। নিচে নেমে জল ও পাথরের সম্পর্কে শাঁ শাঁ শব্দ। সেই জলই আবার মিশে যাচ্ছে পিয়াইনের সাথে। পাথরে পাথরে বন্ধুত্ব। পাথরে ও নদীতে মিতালি। পাথরে মানুষে জীবনযাপনের যুদ্ধ। চারিদিকে বিস্তৃত সবুজ। পাহাড়ে পাহাড়ে সবুজের জলকেলি। বিস্তির্ণ মাঠে সবুজের চাদর। এগুলো দৃশ্যকল্প নয়, সিলেটের বিছনাকান্দি জুড়ে এমন দৃশ্য যেন সত্যিই কেউ ফ্রেম বন্দি করে লটকে দিয়েছে আকাশের সাথে। দূর থেকে মনে হবে এই মেঘ, এই মানুষ, এই পাহাড়-নদী কিংবা পাথরের স্থিরচিত্রই এগুলো।দুই পাশে আকাশচুম্বী পাহাড়, তার মাঝে বয়ে চলা ঝরনার স্রোত। পানি একেবারে পরিষ্কার, স্বচ্ছ, এবং টলমলে। আর ছোট-বড় নানান আকৃতি আর রঙের পাথর তো আছেই। পানি এত স্বচ্ছ যে পানির তলার পাথর কিংবা নিজের ডুবে থাকা পা পর্যন্ত স্পষ্ট দেখা যায়।\r\nসারা বছর যাওয়া যায় তবে বর্ষা কালে গেলে আসল রুপ দেখা যায়।বর্ষাকাল বলেই নৌকায় যাতায়াত করা যায়, শুকনা মৌসুমে এক ঘন্টার মত হাটতে হয় । জায়গাটায় পৌছার পর কিছুক্ষণ বিমুগ্ধ নয়নে শুধু চেয়ে ছিলাম। সত্যিকার অর্থেই ছবির চেয়ে অনেক বেশি সুন্দর।', 'Sylhet', 'Sylhet', '১) ঢাকা থেকে সিলেট বাস ভাড়া ৪৭০/- শ্যামলি,হানিফ,সৌদিয়া,মামুন,এনা, আল মোবারাকা সহ অনেক পরিবহণের বাস আছে, ট্রেন বা বিমানে করে সিলেটে যাওয়া যায়।\r\n২) সিলেট শিশু পার্কের বা আম্বরখানার সামনে থেকে লোকাল ও রিজার্ভ সিএনজি পাওয়া যায় হাদারপাড় পর্যন্ত। এখন রাস্তার অবস্থা চরম রকমের বাজে থাকার কারণে সিএনজি বাধারঘাট বাজার রোড হয়ে প্রায় ১০ কিমি ঘুরে যেতে হয়, এই কারণে ভাড়া এখন লোকাল জনপ্রতি ১৫০ টাকা। রিজার্ভ করেও নিতে পারেন ১২০০-১৫০০ নিবে সাথে চাইলে রাতারগুল সহ রিজার্ভ করে নিলে ১৮০০ টাকার মত যাবে।হাদারপার বাজার থেকে আপনাকে নৌকা নিয়ে যেতে হবে বিছনাকান্দি। চাইলে পায়ে হেটেও যেতে পারেন। নৌকায় শুধু বিছনাকান্দি বেড়াতে ভাড়া নিবে রিজার্ভ ৫০০-৭০০ টাকা ৬-৮ জনের সাইজের নৌকা। বড় নৌকা নিলে ভাড়া লাগবে ১০০০-১২০০ টাকা। যেতে সময় লাগবে প্রায় ২০ মিনিট। আর যদি পানতুমাই, লক্ষণছড়া ও বিছনাকান্দি এক সাথে বেড়াতে চান সময় লাগবে ৪/৫ ঘন্টা এবং রিজার্ভ ট্রলার ভাড়া নিবে ১৫০০ টাকা।\r\nকেউ খরচ কম অথবা একটু এডভেঞ্চার ট্রিপ করতে চাইলে হাদারপার থেকে নৌকা রিজার্ভ না নিয়ে পায়ে হেটে চলে যেতে পারেন বিছনাকান্দি, সময় লাগবে প্রায় ৩০-৪০ মিনিট। হাদারপার বাজারে নৌকা ঘাট থেকে একটু সামনে গেলেই বগাইয়া গ্রামের দিকে যে রাস্তা চলে গেছে তা ধরে হাটা শুরু করুন। কিছুদুর গেলে খেয়া পাড়ি দিতে হবে ১০ টাকা নিবে। খেয়া পাড় হয়ে সোজা হাটা শুরু করুন। একটি বিডিয়ার ক্যাম্প পাবেন। ক্যাম্পের বা দিকে এগিয়ে গেলেই দেখা পেয়ে যাবেন বিছনাকান্দির। সবচেয়ে আশার বানি হলো আপনি পথে অনেক মানুষ পাবেন যে কাউকে জিজ্ঞাসা করলেই দেখিয়ে দিবে রাস্তা ভয়ের কিছু নাই। এছাড়া আকাশ পানে তাকালে নিজেই বুঝবেন কোনদিকে। বিশাল উচু তিন চারটা পাহাড় যেখানে এসে দু দিক থেকে শেষ হয়ে গেছে সেদিকে এগিয়ে যেতে থাকুন।', '25.169523', '91.886558', '2018-12-16 21:12:27', 'http://tob.camp/wiki/বিছনাকান্দি', '20183295001349', 'Natural', 'sylhet beauty, sylhet natural beauty, বিছনাকান্দি, bichnakandi, sylhet  bichnakandi, সিলেট বিছনাকান্দি', 'assets/post_images/2018246533356310433865_902037169860118_2326095516304112588_n.jpg'),
(34, 'মধুপুর জাতীয় উদ্যান', 'Modhupur National Park', 'বাংলাদেশের বিভিন্ন স্থানে ভ্রমনের অনেক স্থান থাকলেও টাঙ্গাইল জেলার মধুপুর গড়ের শালবন একটি ঐতিহাসিক স্থান। বিশেষ করে মে মাসে শালের জীর্ণ পাতারা ঝরে পড়ে নতুন পত্রপুষ্পে সুশোভিত হয়। চারিদিকে শুধু সবুজের সমারোহ ও বনের অভ্যন্তরে গজিয়ে ওঠা বিভিন্ন প্রজাতির চারা ও লতা-গুল্ম মন ভরিয়ে দেয়। তখন বনের মধ্যে এখানে সেখানে থাকে বেগুনী রঙ্গের জারুল বৃক্ষের মনকাড়া ফুলের বাহার । তবে জুন মাস এলেই সেই দৃশ্যপট পাল্টিয়ে শালবনটি ঘন জঙ্গলে রূপ নেয়। মধুপুর জাতীয় উদ্যানের আয়তন ২০,৮৪০ একর। প্রধান ফটক দিয়ে বনের মধ্যে ঢুকলে চোখপড়ে শুধু শালবন আর সবুজের সমারোহ। বনের অভ্যন্তরে আছে নানান জাতের, নানা বাহারের গাছ-গাছরা, যেমন-শাল, বহেড়া, আমলকি, হলুদ, আমড়া, জিগা, ভাদি, অশ্বথ, বট সর্পগন্ধা, শতমূলী, জয়না, বিধা, আজুকি/ হারগাজা, বেহুলা ইত্যাদি। আছে বিভিন্ন প্রজাতির পাহাড়ী আলু, শটি; আছে নাম না জানা বিচিত্র ধরণের লতা-গুল্ম। দর্শনীয় প্রাণীদের মধ্যে আছে অসংখ্য বানর, হনুমান, আছে নানান জাতের পাখ-পাখালি, হরিণ, বন বিড়াল, বনমোরগ, বাগডাসা ইত্যাদি। বনের ঠিক মাঝখানে আছে একটি হরিণ প্রজনন কেন্দ্র। লহরিয়া বিট অফিস সংলগ্ন এই কেন্দ্রে দেখতে পাওয়া যায় চোখ জুড়ানো চিত্রা হরিণের বিচরণ। সেখানেও হনুমানের সমারোহ সকলকে মুগ্ধ করবেই। পাশেই সু-উচ্চ টাওয়ারে উঠলে মধুপুর পার্কের অভ্যন্তরে সবুজ বৃক্ষ-রাজী দেখে কিছুক্ষণের জন্য হলেও মুগ্ধ হতে হয়। সেখান থেকে দোখলা রেস্ট হাউজের দিকে রওনা হলে রাস্তার দু’পাশে দেখা যায় সবুজ শাল বন আর নানান প্রজাতির বৃক্ষরাজি। সেখানে নেই কোন জনারাণ্য। আছে শুধু শুনশান নিরবতা আর পাখ-পাখালির কলরব। মধুপুর জাতীয় উদ্যানের প্রধান গেট থেকে দোখলা রেস্ট হাউজ পর্যন্ত দুরত্ব প্রায় ১০ কিঃ মিঃ। সড়কপথে জঙ্গলের ভিতরে প্রবেশের প্রধান যানবাহন গাড়ী। আশেপাশে বনের অন্যান্য স্থানে ঘুরলে আরো খানিকটা পথ পারি দিতে হয়। মধুপুর জাতীয় উদ্যানের আশেপাশের এলাকাগুলো আদিবাসী অধ্যুসিত গ্রাম। জাতীয় উদ্যান সংলগ্ন ময়মনসিংহ বন বিভাগের রসুলপুর রেঞ্জ কার্যালয় অবস্থিত। উহার পাশেই আছে জলই রেস্ট হাউজ ও মহুয়া কটেজ। মধুপুর বনের অভ্যন্তরের দৃশ্য অত্যন্ত মনোমুগ্ধকর। সবুজ অরণ্যের প্রাকৃতিক দৃশ্য ও পরিবেশ নৈসর্গিক। ইট বিছানা রাস্তায় চলতে চলতে রাস্তার দুধারে সবুজ বন-বনানীর দৃশ্য দেখে চোখ জুড়িয়ে যায়। মন হারিয়ে যায় কোলাহলমুক্ত একটি নীরব-নিথর বনবিথির মাঝে।', 'Tangail', 'Dhaka', 'টাঙ্গাইল জেলা শহর থেকে ময়মনসিংহ যাবার পথে রসুলপুর মাজার নামক স্থানে গিয়ে বামপাশে মধুপুর জাতীয় উদ্যানের প্রধান ফটক। ফটকের পাশেই মধুপুর জাতীয় উদ্যান রেঞ্জ অফিস ও সহকারী বন সংরক্ষকের অফিস অবস্থিত। সেখানে গাড়ী থামিয়ে গেটে অনুমতি নিয়ে বনের অভ্যন্তরে প্রবেশ করতে হয়। তাছাড়া আরও একটু সামনে ২৫ মাইল নামক স্থানে গিয়ে ডানদিকে প্রায় ৯ কিঃ মিঃ পথ পাড়ি দিয়ে দোখলা রেঞ্জ অফিস এবং দোখলা রেস্ট হাউজ এর অবস্থান। সেখানেও অনুমতি নিয়ে বনের অভ্যন্তরে ঢুকতে হয়।', '24.711171', '90.076502', '2018-12-16 21:12:41', 'http://tob.camp/wiki/মধুপুর_জাতীয়_উদ্যান', '20183007184495', 'Natural', 'মধুপুর, মধুপুর উদ্যান, মধুপুর জাতীয় উদ্যান, টাঙ্গাইল জাতীয় উদ্যান, টাঙ্গাইল উদ্যান, modhupur, modhupur park, modhupur national park, modhupur park, tangail national park, tangail park', 'assets/post_images/20182269070296Modhupur-National-Park1.jpg'),
(35, 'লাউয়াছড়া জাতীয় উদ্যান', 'Lawachara National Park', 'লাউয়াছড়া জাতীয় উদ্যান বাংলাদেশে অবশিষ্ট চিরহরিৎ বনের একটি উল্লেখযোগ্য নমুনা।\r\nনিরক্ষীয় অঞ্চলের চিরহরিৎ বর্ষাবন বা রেইন ফরেষ্টের মতো এখানে প্রচুর বৃষ্টিপাত হয়। সূর্যের আলোর জন্য প্রতিযোগিতা করে এ বনের গাছপালা খুব উঁচু হয়ে থাকে, এবং অনেক ওপরে ডালপালা ছড়িয়ে চাঁদোয়ার মত সৃষ্টি করে। এই বন এতই ঘন যে মাটিতে সূর্যের আলো পড়েনা বললেই চলে। বাংলাদেশে অবশিষ্ট চিরহরিৎ বনের একটি নমুনা। এটি একটি সংরক্ষিত বনাঞ্চল। বাংলাদেশের ৭টি বন্যপ্রাণী অভয়ারণ্য ও ১০টি জাতীয় উদ্যানের মধ্যে এটি অন্যতম। মৌলভীবাজার জেলার কমলগঞ্জ উপজেলায় অবস্থিত ১২৫০ হেক্টর আয়তনের বন জীববৈচিত্র্যে ভরপুর।\r\nবাংলাদেশ সরকার ১৯৯৭ খ্রিস্টাব্দে এই বনকে \'জাতীয় উদ্যান\' হিসেবে ঘোষণা করে। উল্লুকের জন্য এ বন বিখ্যাত। উল্লূক ছাড়াও এখানে রয়েছে বিভিন্ন প্রজাতির দুর্লভ জীবজন্তু।\r\nরেইন ফরেষ্টের মতো এখানে প্রচুর বৃষ্টিপাত হয়। সূর্যের আলোর জন্য প্রতিযোগিতা করে এ বনের গাছপালা খুব উঁচু হয়ে থাকে, এবং অনেক ওপরে ডালপালা ছড়িয়ে চাঁদোয়ার মত সৃষ্টি করে।\r\nএই বন এতই ঘন যে মাটিতে সূর্যের আলো পড়েনা বললেই চলে।\r\nচায়ের শহর শ্রীমঙ্গল থেকে প্রায় দশ কিলোমিটার দূরে শ্রীমঙ্গল-ভানুগাছ (কমলগঞ্জ) সড়কের পশ্চিম পাশে জাতীয় এ উদ্যানের প্রবেশপথ।পার্কের এক পাশে রয়েছে আনারসের বাগান, এক পাশে চায়ের বাগান আবার কোথায় রয়েছে লেবু বাগান। জঙ্গলের ভিতর রয়েছে কয়েকটি পাহাড়ী ছড়া। পুরো ন্যাশনাল পার্কটি শ্রীমঙ্গল ভানুগাছ পাকা মহাসড়ক ও সিলেট আখাউড়া রেলওয়ে সেকশনের রেললাইন দ্বারা ৩ খন্ডে বিভক্ত।\r\nউদ্যানে বেড়ানোর তিনটি পথ আছে। একটি তিন ঘণ্টার, একটি এক ঘণ্টার এবং অন্যটি আধ ঘণ্টার পথ। উদ্যানের ভেতরে একটি খাসিয়া পল্লীও আছে।', 'Moulvibazar', 'Sylhet', 'লাউয়াছড়া তিনটি পথ\r\nআধ ঘণ্টার পথ\r\nএ পথটির শুরু রেললাইন পেরিয়ে হাতের বাঁ দিক থেকে।দেখা মিলতে পারে কুলু বানরের।এ পথের বড় বড় গাছের ডালে দেখা মিলবে বুনো অর্কিড। নির্দেশিত পথে হাতের বাঁয়ে বাঁয়ে চলতে চলতে এই পথ আবার শেষ হবে ঠিক শুরুর স্থানে।\r\n\r\nএক ঘণ্টার পথ\r\nএক ঘণ্টার ট্রেকিংয়ের শুরুতেই দেখবেন বিশাল গাছ,যার নাম কস্তুরী। এগাছ থেকে সুগন্ধি তৈরি হয়। পথের পাশে থাকা ডুমুর গাছের ফল খেতে আসে উল্লুক, বানর ও হনুমান ছাড়াও বনের বাসিন্দা আরও অনেক বন্যপ্রাণী। মায়া হরিণ আর বন মোরগেরও দেখা মিলতে পারে।\r\nতিন ঘণ্টার পথ\r\nতিন ঘণ্টার হাঁটা পথটি বেশ রোমাঞ্চকর। পথের বাঁয়ে খাসিয়াদের বসত মাগুরছড়া পুঞ্জি। এ পুঞ্জির বাসিন্দারা মূলত পান চাষ করে থাকেন। ১৯৫০ সালের দিকে বনবিভাগ এ পুঞ্জি তৈরি করে। বাগানে আছে কুলু বানর আর বিরল প্রজাতির লজ্জাবতী বানর।\r\nটিকেট\r\nলাউয়াছড়া জাতীয় উদ্যানে প্রবেশ মূল্য প্রাপ্তবয়স্ক ২০ টাকা, ছাত্র ও অপ্রাপ্তবয়স্ক ১০ টাকা, বিদেশি নাগরিক পাঁচ মার্কিন ডলার কিংবা সমমূল্যের টাকা। এছাড়া গাড়ি, জীপ ও মাইক্রোবাস পার্কিং ২৫ টাকা। তাছাড়া গাইড নিতে চাইলে ২০০ থেকে ৬০০ টাকা পর্যন্ত তিন ক্যাটাগরির গাইড পাওয়া যায়। পিকনিক স্পট ব্যবহার জন প্রতি ১০ টাকা। ভিতরে খাবারের কোন ব্যবস্থা নাই, নিজ দায়িত্বে নিতে হবে।\r\nলাউয়াছড়া যেতে হলে প্রথমে ট্রেন বা বাসে করে শ্রীমঙ্গল অথবা কমলগঞ্জে আসতে হবে। ঢাকা থেকে রেল ও সড়ক পথে শ্রীমঙ্গল যাওয়া যায়। ঢাকার কমলাপুর থেকে মঙ্গলবার ছাড়া সপ্তাহের প্রতিদিন সকাল ৬টা ৪০ মিনিটে ছেড়ে যায় আন্তঃনগর ট্রেন পারাবত এক্সপ্রেস। দুপুর ২টায় প্রতিদিন ছাড়ে জয়ন্তিকা এক্সপ্রেস। বুধবার ছাড়া সপ্তাহের প্রতিদিন রাত ১০টায় ছাড়ে উপবন এক্সপ্রেস।\r\nঢাকার সায়েদাবাদ, কমলাপুর, আরামবাগ থেকে হানিফ, শ্যামলী, মামুন, ইউনিক ইত্যাদি পরিবহনে অথবা কমলাপুর রেল স্টেশন থেকে সিলেটগামী ট্রেনে করে শ্রীমঙ্গল এসে নামতে হবে।\r\nশ্রীমঙ্গল থেকে সিএনজি করে যেতে পারেন। যাওয়া আসা ঘণ্টা খানিক থাকা সব মিলিয়ে ৬০০ এর কম না।জিপ এ গেলে ভাড়া বেশী।\r\nবাস এ যেতে হলে রিক্সা করে চলে আসুন ভানুগাছা রোড বাস স্ট্যান্ড , সেখান থেকে বাস ভাড়া ১০ টাকা করে ।', '24.341430', '91.797762', '2018-12-16 21:12:20', 'http://tob.camp/wiki/ লাউয়াছড়া_জাতীয়_উদ্যান_–_মৌলভীবাজার', '20183075957160', 'Natural', 'Lawachara, Lawachara National Park, Lawachara Park, moulvibazar park, moulvibazar national park, sylhet park, sylhet national park, sylhet beauty, লাউয়াছড়া জাতীয় উদ্যান, লাউয়াছড়া, লাউয়াছড়া উদ্যান', 'assets/post_images/2018191108262513391464_876206145835559_1056644746323106210_o.jpg'),
(36, 'বঙ্গবন্ধু সাফারি পার্ক', 'Bongobondhu Safari Park', 'খাঁচায় বন্দী আপনি, জঙ্গলের মাঝে ছেড়ে দেওয়া হলো আপনাকে। বাঘ, সিংহ, ভাল্লুক সহ নানা হিংস্র প্রানী হানা দিতে এগিয়ে আসছে আপনার কাছে। শুধু বেঁচে গেলেন আপনি গাড়ির ভেতরে বলে। জীব, জানোয়ার খাঁচায় বন্দী থাকলে আমরা সেটাকে চিড়িয়াখানা বলে থাকি। আর যখন আমরা খাঁচায় বন্দী থাকি তখন সেটাকে বলি সাফারি পার্ক। সেইরকম রিয়েল অ্যাডভেঞ্চার চাইলে ঘুরে আসতে পারেন ঢাকার খুব কাছেই গাজিপুর বঙ্গবন্ধু সাফারি পার্ক। চিত্ত বিনোদনের পাশাপাশি শিক্ষা ও বৈজ্ঞানিক গবেষণা পার্কও এটি।', 'Gazipur', 'Dhaka', 'ঢাকার গুলিস্তান থেকে প্রভাতি-বনশ্রি বাস আছে মাওনা যায়। এই বাসে করে আপনি বাঘের বাজার নামবেন। ভাড়া নিবে ৭০ টাকা। এছাড়াও মহাখালি থেকেও এই বাসে উঠা যাবে, ভাড়া ৬০ টাকা নিবে। অথবা সায়েদাবাদ থেকে বলাকা, গুলিস্তান থেকে গাজিপুরের যে কোন গাড়ি ও যাত্রাবাড়ি, মালিবাগ, রামপুরা থেকে সালসাবিল বা অনাবিল বা অন্য যে কোন বাসে গাজিপুর চৌরাস্তা গিয়ে, তারপর লেগুনা করেও যাওয়া যায়। চৌরাস্তা থেকে লেগুনা ভাড়া ৩০ টাকা।\r\nএছাড়াও কমলাপুর রেলস্টেশন থেকে ট্রেনে গাজিপুর নেমে লেগুনা করেও যেতে পারেন বাঘের বাজার। বাঘের বাজার থেকে ইজি বাইক/ অটো রিক্সা/ সিএনজি করে ৩ কিলো পশ্চিমে পার্কের গেইটে যেতে পারবেন ভাড়া নিবে জনপ্রতি ১০ টাকা।', '24.169260', '90.397644', '2018-12-16 21:12:56', 'http://tob.camp/wiki/বঙ্গবন্ধু_সাফারি_পার্ক', '20182599140536', 'Artificial', 'গাজীপুর, গাজীপুর পার্ক, গাজীপুর  সাফারি পার্ক, বঙ্গবন্ধু পার্ক, বঙ্গবন্ধু সাফারি পার্ক, gazipur, gazipur park, gazipur safari park, bongobondhu park, bongobondhu safari park', 'assets/post_images/20181644336699bsp1.jpg');

-- --------------------------------------------------------

--
-- Table structure for table `tbl_temp_image`
--

CREATE TABLE `tbl_temp_image` (
  `id` int(11) NOT NULL,
  `image` varchar(500) NOT NULL
) ENGINE=InnoDB DEFAULT CHARSET=utf8;

--
-- Dumping data for table `tbl_temp_image`
--

INSERT INTO `tbl_temp_image` (`id`, `image`) VALUES
(51, 'assets/post_images/2018160171971611025960_937116969684719_2635010478675753794_n.jpg'),
(51, 'assets/post_images/2018160171971612034361_899419633445980_3075146164229094332_o.jpg'),
(51, 'assets/post_images/2018160171971644535815_2224475891164129_3258204586367778816_o.jpg'),
(53, 'assets/post_images/2018324091521711295681_436177993209467_4438529122376903260_n.jpg'),
(53, 'assets/post_images/2018324091521743496511_2186170418319874_5655301915316060160_n.jpg'),
(53, 'assets/post_images/2018324091521744707145_2186170444986538_8894728651262656512_n.jpg'),
(53, 'assets/post_images/2018324091521744934652_2188400491430200_8965442874019676160_n.jpg'),
(53, 'assets/post_images/2018324091521745050175_2188400461430203_6754048072545730560_n.jpg');

-- --------------------------------------------------------

--
-- Table structure for table `tbl_temp_posts`
--

CREATE TABLE `tbl_temp_posts` (
  `id` int(100) NOT NULL,
  `name_bangla` varchar(200) NOT NULL,
  `name_english` varchar(200) NOT NULL,
  `description` varchar(5000) NOT NULL,
  `district` varchar(100) NOT NULL,
  `division` varchar(100) NOT NULL,
  `direction` varchar(3000) NOT NULL,
  `latitude` varchar(100) NOT NULL,
  `langitude` varchar(100) NOT NULL,
  `date` timestamp NOT NULL DEFAULT CURRENT_TIMESTAMP,
  `source` varchar(500) NOT NULL,
  `temp_id` varchar(100) NOT NULL,
  `category` varchar(200) NOT NULL,
  `tag` varchar(500) NOT NULL,
  `main_image` varchar(400) NOT NULL
) ENGINE=InnoDB DEFAULT CHARSET=utf8;

--
-- Dumping data for table `tbl_temp_posts`
--

INSERT INTO `tbl_temp_posts` (`id`, `name_bangla`, `name_english`, `description`, `district`, `division`, `direction`, `latitude`, `langitude`, `date`, `source`, `temp_id`, `category`, `tag`, `main_image`) VALUES
(51, 'নাফাখুম', 'Nafakhum', 'বান্দরবান জেলার থানচী উপজেলায় অবস্থিত এই প্রাকৃতিক জলপ্রপাত টি।.২৫-৩০ ফুট এই জলপ্রপাত টি রেমাক্রী হয়ে সাঙ্গু নদীতে মিলেছে যেখানে মিলনস্থলে প্রাকৃতিক ভাবেই কয়েকধাপ সিঁড়ির মত করে হেলে দুলে নৃত্যের ছন্দে সাঙ্গু তে মিশে গেছে। আর এই নৃত্যের দলে এখানে সৃষ্টি হয়েছে আরেকটি ফলস যার নাম রেমাক্রী খুম।\r\nবান্দরবানের এমন কোন স্থান নাই যা আসলে না দেখার মত। বান্দরবান শহর থেকে থানচী যেতে পথে পড়বে শৈল্প্রপাত, চিম্বুক পাহাড়, পিক৬৯, নীলগিরি সহ আরো অনেক সুন্দর সুন্দর জায়গা। থানচী থেকে ট্রালারে করে যেতে হবে পাহাড়ি খরস্রোতা সাঙ্গু নদীর উপড় দিয়ে স্রোতের বিপরীতে। এই বিপরীতে চলতে পথে দেখবেন কোথাও শান্ত সৃষ্ট ভদ্র সাঙ্গু আবার কোথাও দেখবেন বিকট ভয়ংকর খরস্রোতা সাঙ্গুর রূপ। যেতে পথে পড়বে রাজা পাথর এলাকা। এই রাজাপাথর এলাকায় দেখবেন বিশাল আকৃতির বহু পাথর যা আদিবাসীদের কাছে দেবতা এবং তাদের কাছে পূজনীয়। ছোট এক বাজার দেখবেন রাজা পাথর এলাকা পাড় হয়ে নাম তার তিন্দু। এরপর ই চোখে পড়বে নাফাকুম জলপ্রপাত এর বয়ে চলা জল আর সাঙ্গুর মিলনস্থল রেমাক্রীকুম। এছাড়া আশেপাশের বিশাল বিশাল পাহাড়, পাহাড়ের গায়ে লেগে থাকা মেঘ ও প্রাকৃতিক পরিবেশ তো আছেই।', 'Bandarban', 'Chittagong', 'ঢাকা থেকে বান্দরবান যাবেন এসি নন এসি অনেক বাস আছে ভাড়া নন এসি- ৬৫০ আর এসি ৮৫০ টাকা নিবে। বান্দরবান এর থানচী বাসস্ট্যান্ড থেকে লোকাল বাসে থানচী বাজার যেতে হবে, ভাড়া নিবে জনপ্রতি ২০০ টাকা। এছাড়া বান্দরবান শহর থেকে থানচী রিসার্ভ চান্দের গাড়ি নিয়েও যেতে পারেন ভাড়া নিবে ৪০০০-৫০০০ টাকা। থানচী বাজার এর গাইড সমিতি থেকে এবার আপনাকে গাইড ঠিক করতে হবে এবং সাথে রিসার্ভ ট্রলার নিতে হবে। এখানে ট্রলার আর গাইডের এক ধরনের সিন্ডিক্যাট চলে যেখানে তাদের হাতে পর্যটক রা জিম্মি। নাফাকুম পর্যন্ত মোট দুইজন গাইড লাগে যার একজন থানচী বাজার থেকে নিবেন অন্যজন রেমাক্রী বাজার থেকে (এটা নিয়ম সেখানের)। গাইড এখন প্যাকেজ আকারে নিতে হয় থানচী থেকে নাফাকুম পর্যন্ত যাওয়া আসা ২০০০ টাকা এবং রেমাক্রী থেকে যে গাইড নিবেন তাকে দিতে হবে ১০০০ টাকা। আর ট্রলার ভাড়া করবেন ৪০০০-৫০০০/- টাকা দিয়ে। যেদিন যাবেন সেদিন ও পরদিন নিয়ে আসা পর্যন্ত এই কন্টাক্ট। এক বোটে ৬-৭ জনের বেশি যেতে পারবেন না, বলতে গেলে এটাও এক ধরনের সিন্ডিকেট। তবে লোকাল ট্রলার ও আছে যদি ভাগ্য ভালো হয় মিলে যেতে পারে। সেক্ষেত্রে খরচ অনেক কম পড়বে । থানচী বাজার থেকে রেমাক্রী বাজার পর্যন্ত ভাড়া ১৫০-১৮০ টাকা জনপ্রতি। রেমাক্রী বাজার থেকে প্রায় ২-৩ ঘন্টা ঝিরি পথ পায়ে হেটে পাড়ি দিলেই পেয়ে যাবেন এই অপূর্ব সুন্দর জলপ্রপাত টি। এই দুই থেকে তিন ঘন্টার ঝিরি পথের প্রথমেই ছোট দুটি পাহাড় পাড়ি দিয়ে নেমে যেতে হবে ঝিরি পথে। এর পর পুরোটাই ঝিরি পথ কোথাও পাথুরে কোথাও মাটির কোঠাও কাদা কোথাও পানির। দু তিন জায়গায় হয়ত হাটু অথবা কোমর পানি পাড়ি দিতে হবে এই পথে এ পাড় থেকে ওপাড় যেতে। তাই সাথে দড়ি নিয়ে যেতে পারেন চলার সুবিদারথে। থানচী বাজারে গাইড ঠিক করার পর সবার নাম একটা কাগজে লিপিবদ্ধ করে থানচী থানা ও আর্মি ক্যাম্পে জমা দিয়ে আসতে হবে আপনাকে।', '21.720500', '92.533771', '2018-12-16 20:12:42', 'http://tob.camp/wiki/নাফাকুম', '20181601719716', 'Natural', 'নাফাখুম, নাফাখুম ঝর্ণা, নাফাখুম বান্দরবান, খুমের দেশ বান্দরবান, থানচি, thanchi, nafakhum, nafakhum jhorna, nafakhum bandarban', 'assets/post_images/2018160171971611025960_937116969684719_2635010478675753794_n.jpg'),
(53, 'কক্সবাজার', 'Cox’s Bazar', 'পৃথিবির দির্ঘতম প্রাকৃতিক সমুদ্র সৈকত কক্সবাজার। প্রতি বছর সারা দেশ থেকে লাখো পর্যটকের কক্সবাজারে সমাগত হয় কক্সবাজারে সমুদ্র দর্শনের জন্য। কক্সবাজারের সমুদ্র তীর প্রায় ১২০ কিমি দীর্ঘ। এছাড়াও এখানে রয়েছে দেশের সর্ববৃহত মংস্য বন্দর। আমাদের দেশের একমাত্র প্রবাল দ্বীপের অবস্থানও কক্সবাজার জেলায়। এ ছাড়াও মহেশখালী ও সোনাদিয়া দ্বীপের অবস্থানও কক্সবাজার জেলায়। শুধু সমুদ্র আর দ্বীপ নয়, এ জেলায় আছে বেশ কয়েকটি সুন্দর সংরক্ষিত বন। এ সমস্ত কারণে কক্সাবাজারে সারা বছরই পর্যটকের ভিড় লেগে থাকে।', 'Cox\'s Bazar', 'Chittagong', 'কক্সবাজারের সরাসরি গাড়ী চলে রাজধানী ঢাকা সহ দেশের প্রধান প্রধান শহরগুলোতে। যেমন, চট্টগ্রাম, খুলনা, সিলেট, রংপুর ইত্যাদী। ঢাকা থেকে নন এসি গাড়ী আছে অনেকগুলো। শ্যামলী, টিআর, হানিফ, ইউনিক, এস আলম, সৈাদিয়া, ইত্যাদী। ভাড়া পড়বে ৮০০ টাকা। আর যদি এসি তে যান আছে গ্রীন লাইন, সৈাদিয়া, দেশ ট্রাভেলস, টিআর, সোহাগ ইত্যাদী। ভাড়া পড়বে ১৬০০(ইকোনমি ক্লাস)-থেকে ২০০০ টাকা (বিজনেস ক্লাস)। সময় লাগতে পারে ১২-১৪ ঘন্টার মত। এছাড়া সেন্টমার্টিন পরিবহন বলে একটি সার্ভিস চালু আছে যেটা চলে টেকনাফ পর্যন্ত। নন এসির ক্ষেত্রে ইউনিক এবং শ্যামলীর সার্ভিস ভালো এবং এসির ক্ষেত্রে দেশ এবং টিআর ট্রাভেলস ও দেশ ট্রাভেলস সার্ভিস ভালো।\r\nচট্টগ্রাম থেকে প্রতি ঘন্টায় কক্সবাজারের গাড়ী পাওয়া যায় বহদ্দার হাট থেকে। অধিকাংশ গাড়ীও অত্যন্ত লোকাল। ভালো সার্ভিস দেয় এস আলম ও সৈাদিয়া, ছাড়ে গরীবুল্লাহ শাহ মাজার, দামপাড়া থেকে। লোকাল বাস সমুহ ভাড়া ১৫০-২০০ টাকা আর ডিরেক্ট বাস গুলো ৩৫০-৪০০ টাকা।\r\nএছাড়া বিমানেও যেতে পারবেন। রিটার্ণ ভাড়া ৮,০০০ থেকে শুরু করে ১২,০০০ টাকা । ওয়ান ওয়ের ভাড়া ৫০০০ থেকে শুরু। ইউএস বাংলা, নোভো এয়ার, বাংলাদেশ বিমান যায় কক্স বাজার। ইউনাইটেড এয়ারের অবস্থা ভালোনা, এতে ভ্রমণ না করায় শ্রেয়। কম খরচে যেতে চাইলে বিমান সবচেয়ে ভালো মাধ্যম, কিন্তু টিকেট কিনতে হবে আগে।\r\nঅনেকে ট্রেনে চট্টগ্রাম যেয়ে তারপর সেখান থেকে কক্সবাজার যেতে চান। সেক্ষেত্রে ঢাকা থেকে তূর্ণা-নিশীথা, সুবর্ন এক্সপ্রেস, মহানগর প্রভাতী/গোধূলী, চট্রগ্রাম মেইলে চট্টগ্রাম আসতে হবে। চট্টগ্রাম রেল স্টেশনের উল্টা পাশেই বিআরটিসির কাউন্টার থেকে বিআরটিসির বাসে যেতে পারেন কক্সবাজার। অথবা সিএনজি নিয়ে নতুন ব্রীজ বা দামপাড়া যেয়ে কক্সবাজারের গাড়ীতে উঠতে হবে। ট্রেনের বিস্তারিত সময়সূচী এবং ভাড়া জানতে পারবেন রেলওয়ের ওয়েব সাইট থেকে।', '21.424429', '92.000610', '2018-12-16 20:12:52', 'http://tob.camp/wiki/কক্সবাজার', '20183240915217', 'Natural', 'কক্সবাজার, কক্সবাজার সমুদ্র সৈকত, cox’s bazar sea beach, sea beach, longest sea beach', 'assets/post_images/2018324091521711295681_436177993209467_4438529122376903260_n.jpg');

-- --------------------------------------------------------

--
-- Stand-in structure for view `view_admin`
-- (See below for the actual view)
--
CREATE TABLE `view_admin` (
`id` int(11)
,`email` varchar(100)
,`password` varchar(100)
,`type` varchar(100)
);

-- --------------------------------------------------------

--
-- Stand-in structure for view `view_district`
-- (See below for the actual view)
--
CREATE TABLE `view_district` (
`division` varchar(100)
,`district` varchar(100)
);

-- --------------------------------------------------------

--
-- Stand-in structure for view `view_post_description`
-- (See below for the actual view)
--
CREATE TABLE `view_post_description` (
`id` int(100)
,`name_bangla` varchar(200)
,`name_english` varchar(200)
,`description` varchar(5000)
,`district` varchar(100)
,`division` varchar(100)
,`direction` varchar(3000)
,`latitude` varchar(100)
,`langitude` varchar(100)
,`source` varchar(500)
,`image` varchar(500)
,`category` varchar(200)
,`tag` varchar(500)
);

-- --------------------------------------------------------

--
-- Stand-in structure for view `view_post_list`
-- (See below for the actual view)
--
CREATE TABLE `view_post_list` (
`id` int(100)
,`name_bangla` varchar(30)
,`description` varchar(110)
,`district` varchar(100)
,`division` varchar(100)
,`image` varchar(400)
,`title_count` bigint(10)
,`description_count` bigint(10)
,`category` varchar(200)
);

-- --------------------------------------------------------

--
-- Structure for view `view_admin`
--
DROP TABLE IF EXISTS `view_admin`;

CREATE ALGORITHM=UNDEFINED DEFINER=`root`@`localhost` SQL SECURITY DEFINER VIEW `view_admin`  AS  select `tbl_admin`.`id` AS `id`,`tbl_admin`.`email` AS `email`,`tbl_admin`.`password` AS `password`,`tbl_admin`.`type` AS `type` from `tbl_admin` ;

-- --------------------------------------------------------

--
-- Structure for view `view_district`
--
DROP TABLE IF EXISTS `view_district`;

CREATE ALGORITHM=UNDEFINED DEFINER=`root`@`localhost` SQL SECURITY DEFINER VIEW `view_district`  AS  select `tbl_posts`.`division` AS `division`,`tbl_posts`.`district` AS `district` from `tbl_posts` ;

-- --------------------------------------------------------

--
-- Structure for view `view_post_description`
--
DROP TABLE IF EXISTS `view_post_description`;

CREATE ALGORITHM=UNDEFINED DEFINER=`root`@`localhost` SQL SECURITY DEFINER VIEW `view_post_description`  AS  select `tbl_posts`.`id` AS `id`,`tbl_posts`.`name_bangla` AS `name_bangla`,`tbl_posts`.`name_english` AS `name_english`,`tbl_posts`.`description` AS `description`,`tbl_posts`.`district` AS `district`,`tbl_posts`.`division` AS `division`,`tbl_posts`.`direction` AS `direction`,`tbl_posts`.`latitude` AS `latitude`,`tbl_posts`.`langitude` AS `langitude`,`tbl_posts`.`source` AS `source`,`tbl_image`.`image` AS `image`,`tbl_posts`.`category` AS `category`,`tbl_posts`.`tag` AS `tag` from (`tbl_posts` join `tbl_image`) where (`tbl_posts`.`id` = `tbl_image`.`id`) ;

-- --------------------------------------------------------

--
-- Structure for view `view_post_list`
--
DROP TABLE IF EXISTS `view_post_list`;

CREATE ALGORITHM=UNDEFINED DEFINER=`root`@`localhost` SQL SECURITY DEFINER VIEW `view_post_list`  AS  select `tbl_posts`.`id` AS `id`,substr(`tbl_posts`.`name_bangla`,1,30) AS `name_bangla`,substr(`tbl_posts`.`description`,1,110) AS `description`,`tbl_posts`.`district` AS `district`,`tbl_posts`.`division` AS `division`,`tbl_posts`.`main_image` AS `image`,char_length(`tbl_posts`.`name_bangla`) AS `title_count`,char_length(`tbl_posts`.`description`) AS `description_count`,`tbl_posts`.`category` AS `category` from `tbl_posts` order by `tbl_posts`.`date` desc ;

--
-- Indexes for dumped tables
--

--
-- Indexes for table `tbl_admin`
--
ALTER TABLE `tbl_admin`
  ADD PRIMARY KEY (`id`);

--
-- Indexes for table `tbl_district`
--
ALTER TABLE `tbl_district`
  ADD PRIMARY KEY (`district_id`);

--
-- Indexes for table `tbl_division`
--
ALTER TABLE `tbl_division`
  ADD PRIMARY KEY (`division_id`);

--
-- Indexes for table `tbl_division_district`
--
ALTER TABLE `tbl_division_district`
  ADD PRIMARY KEY (`id`);

--
-- Indexes for table `tbl_posts`
--
ALTER TABLE `tbl_posts`
  ADD PRIMARY KEY (`id`);

--
-- Indexes for table `tbl_temp_posts`
--
ALTER TABLE `tbl_temp_posts`
  ADD PRIMARY KEY (`id`);

--
-- AUTO_INCREMENT for dumped tables
--

--
-- AUTO_INCREMENT for table `tbl_admin`
--
ALTER TABLE `tbl_admin`
  MODIFY `id` int(11) NOT NULL AUTO_INCREMENT, AUTO_INCREMENT=3;

--
-- AUTO_INCREMENT for table `tbl_district`
--
ALTER TABLE `tbl_district`
  MODIFY `district_id` int(11) NOT NULL AUTO_INCREMENT, AUTO_INCREMENT=65;

--
-- AUTO_INCREMENT for table `tbl_division`
--
ALTER TABLE `tbl_division`
  MODIFY `division_id` int(11) NOT NULL AUTO_INCREMENT, AUTO_INCREMENT=9;

--
-- AUTO_INCREMENT for table `tbl_division_district`
--
ALTER TABLE `tbl_division_district`
  MODIFY `id` int(11) NOT NULL AUTO_INCREMENT, AUTO_INCREMENT=65;

--
-- AUTO_INCREMENT for table `tbl_posts`
--
ALTER TABLE `tbl_posts`
  MODIFY `id` int(100) NOT NULL AUTO_INCREMENT, AUTO_INCREMENT=37;

--
-- AUTO_INCREMENT for table `tbl_temp_posts`
--
ALTER TABLE `tbl_temp_posts`
  MODIFY `id` int(100) NOT NULL AUTO_INCREMENT, AUTO_INCREMENT=54;
COMMIT;

/*!40101 SET CHARACTER_SET_CLIENT=@OLD_CHARACTER_SET_CLIENT */;
/*!40101 SET CHARACTER_SET_RESULTS=@OLD_CHARACTER_SET_RESULTS */;
/*!40101 SET COLLATION_CONNECTION=@OLD_COLLATION_CONNECTION */;
